id,first_name,last_name,email,gender,dob,role
1,Marijo,Kerwin,mkerwin0@tuttocitta.it,Female,4/2/1952,SDE1
2,Velma,Bader,vbader1@microsoft.com,Female,10/3/1995,SD2
3,Philippine,Kaley,pkaley2@godaddy.com,Female,10/1/1951,SDE3
4,Elvin,Cranston,ecranston3@webmd.com,Male,8/5/1970,SSE2
5,Kippy,Perrelle,kperrelle4@arizona.edu,Female,6/17/1960,SD2
6,Pembroke,Lemonnier,plemonnier5@walmart.com,Male,8/3/1952,SDE3
7,Bruis,Freckleton,bfreckleton6@creativecommons.org,Non-binary,1/30/1957,SSE1
8,Pascal,Heymann,pheymann7@ovh.net,Male,2/18/2013,SD2
9,Gina,Luciani,gluciani8@yellowpages.com,Female,3/9/2011,SDE1
10,Nanice,Dominicacci,ndominicacci9@constantcontact.com,Female,4/20/2005,SDE1
11,Izaak,Wordesworth,iwordeswortha@wikipedia.org,Male,8/25/1954,SDE3
12,Shirl,Latimer,slatimerb@indiegogo.com,Female,6/4/1952,SDE1
13,Alexi,Svanetti,asvanettic@1und1.de,Female,4/13/1968,SDE3
14,Sherm,Malbon,smalbond@newyorker.com,Male,9/11/1969,SSE1
15,Mack,Sergant,msergante@bbc.co.uk,Male,7/15/1987,SSE2
16,Samantha,Alldred,salldredf@theguardian.com,Female,8/21/1955,SDE1
17,Cary,Pothergill,cpothergillg@newyorker.com,Female,1/5/1978,SSE1
18,Jerad,Rivelin,jrivelinh@hp.com,Male,9/16/1960,SDE1
19,Eugenius,Farries,efarriesi@amazon.com,Male,7/14/1959,SSE1
20,Noland,Valentim,nvalentimj@boston.com,Male,2/18/1941,SDE3
21,Kristal,Kabos,kkabosk@mapy.cz,Female,4/17/2010,SDE3
22,Bax,Rowthorne,browthornel@nbcnews.com,Male,1/7/1950,SDE1
23,Jenelle,Mulchrone,jmulchronem@microsoft.com,Female,11/20/1956,SDE3
24,Alwin,MacClancey,amacclanceyn@t.co,Male,10/1/1993,SSE2
25,Udell,Soonhouse,usoonhouseo@php.net,Male,5/28/2012,SDE3
26,Korrie,Booeln,kbooelnp@livejournal.com,Female,12/24/1973,SDE1
27,Herve,Ridewood,hridewoodq@t-online.de,Male,6/23/2014,SD2
28,Gino,Bizzey,gbizzeyr@redcross.org,Male,11/3/1955,SDE3
29,Cornelle,Conningham,cconninghams@yahoo.co.jp,Female,12/7/1959,SDE1
30,Bliss,Lewer,blewert@histats.com,Female,11/9/1957,SSE1
31,Arni,Pippard,apippardu@youtu.be,Male,6/12/1963,SDE1
32,Mallory,Rosenblatt,mrosenblattv@hhs.gov,Male,10/7/1951,SDE3
33,Emmit,Skrines,eskrinesw@weebly.com,Male,10/18/1996,SD2
34,Shoshanna,Ambrosch,sambroschx@google.cn,Agender,11/25/2002,SSE1
35,Larissa,Cruikshank,lcruikshanky@simplemachines.org,Female,4/29/1962,SSE2
36,Ingemar,Dupree,idupreez@imgur.com,Male,1/1/1990,SSE1
37,Rochelle,Mitchinson,rmitchinson10@google.com.br,Female,10/4/2008,SSE2
38,Dukey,Nani,dnani11@joomla.org,Male,,
39,Kaye,Cleal,kcleal12@naver.com,Female,2/22/1969,SD2
40,Edwina,Kettle,ekettle13@paginegialle.it,Female,12/8/1953,SSE1
41,Kayla,Sokell,ksokell14@is.gd,Female,6/30/2005,SSE1
42,Jorgan,Lippi,jlippi15@friendfeed.com,Male,4/12/1984,SD2
43,Felecia,Yakobovicz,fyakobovicz16@zimbio.com,Genderfluid,6/19/1946,SDE1
44,Glad,Egar,gegar17@slate.com,Female,2/24/1966,SSE1
45,Bayard,Asee,basee18@paypal.com,Male,1/26/1975,SDE3
46,Charis,Hurd,churd19@arizona.edu,Female,8/18/1953,SD2
47,Junina,Edworthye,jedworthye1a@flickr.com,Agender,1/23/2008,SDE1
48,Derron,McGuiney,dmcguiney1b@princeton.edu,Male,10/30/1945,SD2
49,Shana,Tuma,stuma1c@naver.com,Female,12/24/1974,SDE1
50,Teddy,Doumerc,tdoumerc1d@biblegateway.com,Male,5/15/2000,SSE2
51,Peggi,Durdan,pdurdan1e@cnn.com,Female,5/10/2007,SSE1
52,Berny,Brugman,bbrugman1f@msn.com,Male,7/16/1960,SSE1
53,Giselbert,Leese,gleese1g@parallels.com,Male,1/20/1995,SDE1
54,Berty,Ennever,bennever1h@plala.or.jp,Female,7/25/1981,SD2
55,Steven,Dutchburn,sdutchburn1i@godaddy.com,Male,10/31/1948,SSE2
56,Colas,Begg,cbegg1j@virginia.edu,Male,3/1/2009,SDE1
57,Shae,Woolens,swoolens1k@nps.gov,Male,12/14/1953,SD2
58,Tabina,Feares,tfeares1l@opensource.org,Female,11/4/1982,SDE1
59,Malva,Lockie,mlockie1m@google.ca,Female,6/24/1975,SDE1
60,Dario,Connolly,dconnolly1n@webmd.com,Male,11/12/1962,SSE2
61,Cordie,Furmedge,cfurmedge1o@mapy.cz,Male,11/7/1946,SDE1
62,Sorcha,Gidman,sgidman1p@chron.com,Female,7/31/1980,SSE1
63,Terrel,Aggus,taggus1q@dyndns.org,Bigender,,
64,Arnold,Moulsdall,amoulsdall1r@newyorker.com,Male,5/11/1948,SDE1
65,Lee,Jahncke,ljahncke1s@rambler.ru,Male,5/23/1978,SDE3
66,Nikola,Lermit,nlermit1t@goodreads.com,Male,3/1/1985,SSE1
67,Jenifer,Ludlom,jludlom1u@behance.net,Female,10/19/2010,SD2
68,Olivier,Ebbett,oebbett1v@ft.com,Male,8/13/1967,SSE2
69,Fraze,Binestead,fbinestead1w@i2i.jp,Male,,
70,Alverta,Parkeson,aparkeson1x@cornell.edu,Female,3/20/1953,SD2
71,Virginia,Kuschek,vkuschek1y@ted.com,Female,6/5/1977,SSE1
72,Hillyer,Dmitriev,hdmitriev1z@soundcloud.com,Male,11/13/1954,SDE3
73,Karlis,Coakley,kcoakley20@globo.com,Male,5/24/1968,SSE1
74,Currie,Halms,chalms21@npr.org,Male,2/24/1961,SDE3
75,Nikita,Fearnehough,nfearnehough22@google.it,Male,3/22/1974,SDE3
76,Eleen,Axel,eaxel23@imgur.com,Agender,3/20/1982,SSE1
77,Edgard,Huxstep,ehuxstep24@facebook.com,Male,11/10/1960,SSE1
78,Arlette,Wetherald,awetherald25@weather.com,Female,12/20/1949,SD2
79,Radcliffe,Luard,rluard26@acquirethisname.com,Male,,
80,Wenda,Conniam,wconniam27@hugedomains.com,Female,7/9/1962,SD2
81,Michaela,Lattimer,mlattimer28@vkontakte.ru,Female,10/10/1994,SD2
82,Hamlen,Whyberd,hwhyberd29@freewebs.com,Male,9/5/1975,SD2
83,Wilhelm,Halsho,whalsho2a@un.org,Male,4/27/2008,SSE1
84,Terrel,Plaunch,tplaunch2b@nba.com,Male,6/15/1957,SD2
85,Norrie,Croy,ncroy2c@usa.gov,Male,6/16/2000,SD2
86,Martynne,Delacroix,mdelacroix2d@bluehost.com,Female,3/21/2002,SSE1
87,Helga,Lorenzetto,hlorenzetto2e@scientificamerican.com,Female,2/17/1981,SD2
88,Pammi,Monaghan,pmonaghan2f@rediff.com,Polygender,12/29/1941,SD2
89,Cammy,Mattea,cmattea2g@vk.com,Bigender,4/27/2002,SSE2
90,Taber,Rendell,trendell2h@infoseek.co.jp,Male,4/2/1957,SD2
91,Lanny,Causey,lcausey2i@statcounter.com,Male,8/27/1956,SD2
92,Jackie,De Cruce,jdecruce2j@jugem.jp,Female,5/28/2014,SSE2
93,Jimmie,Unthank,junthank2k@theatlantic.com,Male,7/11/1989,SDE3
94,Devlin,Axleby,daxleby2l@cloudflare.com,Male,6/20/2014,SSE1
95,Nikolos,Gallety,ngallety2m@eepurl.com,Male,9/13/1996,SD2
96,Angy,Oxenham,aoxenham2n@cocolog-nifty.com,Female,12/11/1979,SDE1
97,Velma,Knightsbridge,vknightsbridge2o@icio.us,Female,7/22/2005,SDE3
98,Kariotta,Wonfor,kwonfor2p@rambler.ru,Female,2/7/1942,SDE3
99,Aldous,Bofield,abofield2q@bloglines.com,Male,3/22/1995,SD2
100,Che,Studman,cstudman2r@who.int,Male,12/28/1951,SD2
101,Calv,Jost,cjost2s@hhs.gov,Male,4/27/2001,SDE3
102,Jo,Watters,jwatters2t@dell.com,Male,10/18/2014,SDE3
103,Heida,Rosenvasser,hrosenvasser2u@comcast.net,Female,10/2/1966,SDE3
104,Seamus,Churching,schurching2v@blinklist.com,Male,,
105,Cherlyn,Shawl,cshawl2w@forbes.com,Female,9/5/1980,SDE1
106,Pierette,Forrestall,pforrestall2x@psu.edu,Female,10/28/1983,SD2
107,Cy,Talton,ctalton2y@reverbnation.com,Male,2/12/1943,SSE2
108,Lesly,Jodrelle,ljodrelle2z@dion.ne.jp,Female,8/7/2008,SSE1
109,Sheppard,Scardafield,sscardafield30@disqus.com,Male,8/14/2001,SSE2
110,Ari,Ireland,aireland31@home.pl,Male,1/17/1973,SDE1
111,Kath,Comello,kcomello32@ft.com,Female,10/28/1971,SDE1
112,Celine,Volage,cvolage33@furl.net,Female,5/12/1943,SD2
113,Bendick,Sandeland,bsandeland34@wikimedia.org,Male,,
114,Cazzie,Kop,ckop35@timesonline.co.uk,Male,9/10/1955,SSE1
115,Jilly,Gurdon,jgurdon36@columbia.edu,Female,10/10/2004,SSE2
116,Amitie,Castagno,acastagno37@hubpages.com,Female,10/28/2007,SSE1
117,Clementina,Killelea,ckillelea38@berkeley.edu,Female,1/17/1961,SDE1
118,Mozes,Fardon,mfardon39@ning.com,Male,4/4/1969,SDE3
119,Nappy,Gallyhaock,ngallyhaock3a@cocolog-nifty.com,Male,3/2/2003,SD2
120,Winny,Errigo,werrigo3b@cdc.gov,Female,5/6/1955,SD2
121,Alfred,Witherop,awitherop3c@drupal.org,Male,7/13/1968,SSE1
122,Lefty,Harvie,lharvie3d@barnesandnoble.com,Male,4/18/1942,SDE3
123,Delmor,Bearblock,dbearblock3e@gnu.org,Male,11/13/2003,SSE2
124,Jenilee,Tebboth,jtebboth3f@a8.net,Genderfluid,6/5/1958,SSE2
125,Nissa,Rollings,nrollings3g@squidoo.com,Female,5/25/1952,SSE2
126,Orv,Bauckham,obauckham3h@pcworld.com,Male,11/24/1949,SSE2
127,Winonah,Vallentin,wvallentin3i@oakley.com,Female,7/27/1970,SDE1
128,Jacky,Cometson,jcometson3j@weather.com,Male,8/7/1941,SSE1
129,Barrett,Condell,bcondell3k@answers.com,Male,1/28/1943,SD2
130,Bradney,Crookshank,bcrookshank3l@slate.com,Male,7/3/1990,SDE3
131,Mariann,Glancey,mglancey3m@adobe.com,Female,12/11/1976,SDE1
132,Carce,Siviter,csiviter3n@microsoft.com,Male,5/1/1974,SD2
133,Forrest,McAuley,fmcauley3o@google.it,Male,10/5/1942,SDE1
134,Anne-marie,Hasney,ahasney3p@hp.com,Female,2/20/1994,SD2
135,Agna,Coyish,acoyish3q@sbwire.com,Female,5/3/1953,SDE3
136,Libbi,Gonnely,lgonnely3r@fda.gov,Female,7/27/1952,SD2
137,Warden,Tarquini,wtarquini3s@pen.io,Male,5/27/1964,SDE3
138,Aigneis,Colam,acolam3t@intel.com,Female,7/18/1990,SSE1
139,Raviv,Hugonneau,rhugonneau3u@addthis.com,Male,,
140,Kelsey,Mateo,kmateo3v@yale.edu,Female,5/12/2012,SSE2
141,Panchito,Caulkett,pcaulkett3w@digg.com,Male,4/4/1978,SDE3
142,Anestassia,Nodin,anodin3x@bloglovin.com,Female,9/16/1988,SDE3
143,Fernando,Jennemann,fjennemann3y@webs.com,Male,10/28/1950,SDE3
144,Candi,Sutherby,csutherby3z@time.com,Female,11/13/1962,SSE2
145,Mick,Alu,malu40@princeton.edu,Male,,
146,Shana,Driutti,sdriutti41@gravatar.com,Genderqueer,7/27/1949,SDE3
147,Herschel,Riddall,hriddall42@bluehost.com,Male,3/21/1977,SDE1
148,Roderich,Cutmere,rcutmere43@twitter.com,Male,10/30/2014,SSE2
149,Urson,Cheavin,ucheavin44@wiley.com,Male,8/31/1987,SSE2
150,Bertrand,Minget,bminget45@netvibes.com,Male,4/29/1998,SDE1
151,Fionna,Gertz,fgertz46@linkedin.com,Female,9/17/2002,SSE1
152,Violet,Pecha,vpecha47@slashdot.org,Female,7/7/1990,SSE1
153,Purcell,Ackerley,packerley48@creativecommons.org,Male,11/27/1945,SDE1
154,Shelley,Dollen,sdollen49@chronoengine.com,Female,,
155,Boyce,Dobey,bdobey4a@tmall.com,Genderqueer,7/7/1961,SDE1
156,Charmian,Battin,cbattin4b@earthlink.net,Female,12/23/1994,SDE1
157,Reilly,Dalston,rdalston4c@ask.com,Male,6/12/1981,SDE3
158,Teodorico,Mattaser,tmattaser4d@upenn.edu,Male,7/28/1961,SDE1
159,Guthry,Peabody,gpeabody4e@twitter.com,Male,2/5/2005,SSE1
160,Shawn,Beverstock,sbeverstock4f@amazon.co.jp,Female,5/20/1949,SDE3
161,Renaldo,Child,rchild4g@bbb.org,Male,9/13/1986,SSE2
162,Karney,Kingsnode,kkingsnode4h@com.com,Male,7/8/1977,SSE1
163,Mavra,Longland,mlongland4i@craigslist.org,Female,12/15/1984,SSE1
164,Brok,Loidl,bloidl4j@xing.com,Male,10/1/1966,SD2
165,Guillaume,Amar,gamar4k@typepad.com,Male,5/24/1984,SSE2
166,Ardis,Manueli,amanueli4l@desdev.cn,Female,2/26/2008,SDE3
167,Gearard,Kilalea,gkilalea4m@seattletimes.com,Male,6/30/1951,SDE1
168,Kendell,Kellough,kkellough4n@123-reg.co.uk,Male,2/11/1977,SD2
169,Irma,Retallack,iretallack4o@t-online.de,Female,4/14/1981,SSE1
170,Trisha,Ambridge,tambridge4p@unblog.fr,Female,1/27/1977,SSE1
171,Novelia,Dyer,ndyer4q@hexun.com,Female,7/27/1997,SD2
172,Jarrett,Blachford,jblachford4r@statcounter.com,Male,1/29/1973,SSE2
173,Neely,Eary,neary4s@pinterest.com,Female,10/18/1979,SDE3
174,Kelsi,Fuentes,kfuentes4t@odnoklassniki.ru,Female,1/29/1994,SSE2
175,Thorndike,Grinikhin,tgrinikhin4u@i2i.jp,Male,6/3/2009,SDE1
176,Gabriella,Wynn,gwynn4v@furl.net,Female,8/16/1988,SSE1
177,Carson,Parrot,cparrot4w@icq.com,Male,12/31/1956,SSE2
178,Alessandro,Levesley,alevesley4x@gizmodo.com,Male,8/21/1953,SDE3
179,Max,Timewell,mtimewell4y@g.co,Female,12/8/1981,SDE1
180,Gretta,Beckers,gbeckers4z@ucla.edu,Female,6/21/1966,SD2
181,Stefan,Sitlington,ssitlington50@tinyurl.com,Male,5/23/1941,SDE3
182,Lyndsey,Calrow,lcalrow51@gmpg.org,Bigender,3/7/1950,SDE3
183,Buckie,Crockford,bcrockford52@360.cn,Male,1/19/1949,SSE2
184,Kain,Book,kbook53@prlog.org,Male,,
185,Dani,Franzettoini,dfranzettoini54@usatoday.com,Male,12/23/1980,SSE2
186,Carmella,Corcoran,ccorcoran55@yelp.com,Female,5/8/1961,SDE3
187,Eugenius,Wolters,ewolters56@shareasale.com,Non-binary,6/30/1949,SSE2
188,Rossy,Klimuk,rklimuk57@ameblo.jp,Non-binary,9/16/1972,SD2
189,Baxter,Griffen,bgriffen58@macromedia.com,Male,3/6/1986,SDE3
190,Laird,Rome,lrome59@rambler.ru,Male,6/18/1948,SD2
191,Hugibert,Sauven,hsauven5a@fema.gov,Male,9/11/2011,SDE3
192,Kendall,Joskowitz,kjoskowitz5b@eepurl.com,Male,2/29/1964,SSE2
193,Roth,Leese,rleese5c@accuweather.com,Male,6/10/1972,SDE1
194,Claudell,Lorenc,clorenc5d@wordpress.org,Male,8/1/1956,SDE3
195,Raphael,Jaquin,rjaquin5e@histats.com,Male,9/2/1970,SSE2
196,Vanna,Jakovijevic,vjakovijevic5f@smugmug.com,Female,3/18/2003,SSE2
197,Moina,Pashbee,mpashbee5g@apple.com,Female,1/13/1945,SD2
198,Araldo,Spriggs,aspriggs5h@netscape.com,Male,10/31/1950,SSE2
199,Rosa,Baser,rbaser5i@123-reg.co.uk,Female,4/15/1962,SSE2
200,Luigi,Le Moucheux,llemoucheux5j@dion.ne.jp,Male,,
201,Palm,Mathis,pmathis5k@google.com,Male,2/28/1972,SSE2
202,Felipe,Portwain,fportwain5l@jigsy.com,Male,11/6/2001,SDE1
203,Nehemiah,Dodge,ndodge5m@wordpress.com,Male,2/25/1985,SDE3
204,Robby,Nayshe,rnayshe5n@intel.com,Female,2/23/1973,SSE2
205,Arvy,Tash,atash5o@xinhuanet.com,Male,3/10/1996,SSE2
206,Ceil,Whitmarsh,cwhitmarsh5p@blogs.com,Female,7/27/1972,SDE3
207,Derry,Becker,dbecker5q@paypal.com,Polygender,5/13/1947,SD2
208,Morty,Hincham,mhincham5r@theguardian.com,Male,9/24/1984,SD2
209,Channa,Keller,ckeller5s@nationalgeographic.com,Female,6/23/2006,SSE2
210,Starr,Chatfield,schatfield5t@livejournal.com,Bigender,1/20/1963,SDE1
211,Abdel,Titheridge,atitheridge5u@sciencedaily.com,Male,11/15/1971,SD2
212,Harlene,Grafham,hgrafham5v@webnode.com,Female,10/6/1973,SD2
213,Cesar,Skayman,cskayman5w@mayoclinic.com,Bigender,10/9/1992,SSE2
214,Halie,Talmadge,htalmadge5x@apache.org,Female,12/16/1953,SSE1
215,Rodolphe,Conklin,rconklin5y@netvibes.com,Male,2/4/1947,SDE3
216,Harlie,Couronne,hcouronne5z@soundcloud.com,Female,11/26/1959,SSE1
217,Alisun,Carlesso,acarlesso60@weebly.com,Female,3/6/2006,SDE3
218,Hillery,Tatham,htatham61@pcworld.com,Male,9/28/1974,SD2
219,Julianna,Baumler,jbaumler62@shinystat.com,Female,10/16/2012,SD2
220,Pryce,Dunseath,pdunseath63@tumblr.com,Male,8/19/1976,SSE2
221,Dolley,O'Hallagan,dohallagan64@wiley.com,Female,7/3/1946,SDE3
222,Trever,Seabridge,tseabridge65@mysql.com,Male,3/26/1956,SSE1
223,Gabriella,Shore,gshore66@theguardian.com,Female,6/20/2013,SDE3
224,Godfree,Hourstan,ghourstan67@tripadvisor.com,Male,2/9/1975,SSE1
225,Merridie,Truluck,mtruluck68@joomla.org,Female,4/23/1968,SDE3
226,Leigh,Ruperto,lruperto69@indiegogo.com,Female,11/7/1948,SSE1
227,Martin,Simacek,msimacek6a@furl.net,Male,5/5/1945,SDE3
228,Patrick,Cathrall,pcathrall6b@sbwire.com,Male,1/17/1952,SDE1
229,Vincent,Dibdall,vdibdall6c@woothemes.com,Male,7/14/1985,SDE1
230,Susanetta,Conningham,sconningham6d@google.pl,Female,6/19/1998,SSE1
231,Clotilda,Dark,cdark6e@desdev.cn,Female,,
232,Rodolph,Whistlecraft,rwhistlecraft6f@loc.gov,Male,5/24/2006,SDE3
233,Harwell,Ivanchikov,hivanchikov6g@simplemachines.org,Male,4/4/1987,SDE3
234,Sybil,Mogford,smogford6h@amazon.de,Female,9/13/1972,SDE3
235,Tish,Vidyapin,tvidyapin6i@blog.com,Female,3/27/1977,SSE2
236,Sheryl,Kneller,skneller6j@google.com,Female,8/18/2002,SDE3
237,Belva,Hymor,bhymor6k@abc.net.au,Female,,
238,Marybelle,Jurasz,mjurasz6l@theglobeandmail.com,Female,6/29/1978,SDE1
239,Maire,Ghion,mghion6m@nydailynews.com,Female,4/23/1984,SDE1
240,Viole,Manoelli,vmanoelli6n@cafepress.com,Female,11/8/1978,SSE2
241,Chet,Wodham,cwodham6o@woothemes.com,Male,,
242,Tull,Dixey,tdixey6p@google.nl,Male,11/8/1958,SDE3
243,Dyna,Yeliashev,dyeliashev6q@mysql.com,Female,6/26/1957,SSE1
244,Reena,Arnoll,rarnoll6r@qq.com,Female,6/5/1966,SSE2
245,Eberto,Buglar,ebuglar6s@hao123.com,Male,7/1/1972,SSE2
246,Bab,Streight,bstreight6t@yandex.ru,Female,8/15/1998,SDE3
247,Iseabal,Cattow,icattow6u@gov.uk,Agender,6/14/1985,SSE1
248,Lu,Lutsch,llutsch6v@barnesandnoble.com,Female,3/2/2014,SDE3
249,Rogerio,Yepiskov,ryepiskov6w@china.com.cn,Male,12/3/1989,SDE3
250,Tootsie,Kingsly,tkingsly6x@behance.net,Female,4/3/2003,SDE3
251,Orville,Dumbell,odumbell6y@icio.us,Male,,
252,Kylie,Boulsher,kboulsher6z@aboutads.info,Female,12/23/1966,SDE1
253,Warde,Saiens,wsaiens70@freewebs.com,Male,2/17/2011,SD2
254,Gayle,Tant,gtant71@devhub.com,Female,4/8/1987,SSE2
255,Laraine,Haville,lhaville72@over-blog.com,Female,4/11/1980,SSE2
256,Dora,Bucher,dbucher73@google.co.uk,Female,4/8/1951,SD2
257,Juliane,Pallatina,jpallatina74@youtu.be,Female,2/7/1946,SSE1
258,Tedra,Rosekilly,trosekilly75@blinklist.com,Female,8/5/1969,SSE2
259,Breena,Charte,bcharte76@creativecommons.org,Female,2/17/2002,SD2
260,Bearnard,Murrhaupt,bmurrhaupt77@about.me,Male,6/19/2003,SD2
261,Merrielle,Stourton,mstourton78@artisteer.com,Female,10/7/1997,SDE1
262,Jaquith,Gatfield,jgatfield79@slideshare.net,Female,8/5/2008,SSE2
263,Florance,Prevost,fprevost7a@shinystat.com,Female,,
264,Eli,Michel,emichel7b@vimeo.com,Male,8/17/1954,SSE1
265,Chariot,Wannan,cwannan7c@noaa.gov,Male,5/30/1965,SD2
266,Amil,Vinnick,avinnick7d@t-online.de,Female,7/30/1966,SDE1
267,Keslie,Goose,kgoose7e@freewebs.com,Female,10/8/2011,SDE1
268,Giffie,Vashchenko,gvashchenko7f@bloglines.com,Male,11/28/1975,SD2
269,Calv,Rideout,crideout7g@plala.or.jp,Male,2/17/1981,SDE3
270,Hamilton,Gaffer,hgaffer7h@cornell.edu,Male,7/24/1999,SDE3
271,Lexy,Sansome,lsansome7i@free.fr,Female,7/28/2010,SSE1
272,Hope,Kalberer,hkalberer7j@t.co,Agender,6/17/1986,SDE1
273,Tracie,Halegarth,thalegarth7k@people.com.cn,Male,1/30/1977,SSE2
274,Noe,Pantecost,npantecost7l@webnode.com,Male,2/24/1959,SD2
275,Eydie,Crumbleholme,ecrumbleholme7m@npr.org,Female,11/13/1951,SDE3
276,Casandra,Nanelli,cnanelli7n@com.com,Genderqueer,10/29/1949,SDE3
277,Winfield,Dovermann,wdovermann7o@xrea.com,Male,5/19/2003,SDE1
278,Hildagarde,Poxson,hpoxson7p@wufoo.com,Female,,
279,Danell,Verling,dverling7q@mayoclinic.com,Female,9/10/1952,SD2
280,Kimmi,Lamden,klamden7r@tinypic.com,Female,7/10/1970,SSE2
281,Gwyneth,Masdon,gmasdon7s@globo.com,Female,2/18/1984,SSE1
282,Marcia,Ledson,mledson7t@elegantthemes.com,Female,11/17/2006,SSE2
283,Ogden,Buzzing,obuzzing7u@patch.com,Male,,
284,Zackariah,Barlthrop,zbarlthrop7v@ameblo.jp,Male,4/14/1943,SDE1
285,Bat,Hebden,bhebden7w@businessweek.com,Male,4/7/1969,SSE2
286,Tildi,Wakeling,twakeling7x@cbsnews.com,Agender,8/14/1983,SSE1
287,Carry,Mackison,cmackison7y@mayoclinic.com,Female,,
288,Berk,Hilley,bhilley7z@npr.org,Male,5/5/2006,SD2
289,Cassey,Veeler,cveeler80@cocolog-nifty.com,Genderfluid,10/28/1954,SDE3
290,Maxy,Fleeming,mfleeming81@smugmug.com,Male,12/9/2013,SSE1
291,Karia,Whorall,kwhorall82@wordpress.com,Female,9/22/2008,SDE1
292,Antin,Prate,aprate83@opensource.org,Male,1/23/1964,SSE1
293,Ches,Wyson,cwyson84@wp.com,Male,3/24/2006,SSE1
294,Shamus,Kezor,skezor85@theguardian.com,Male,9/4/1958,SD2
295,Jody,Karys,jkarys86@prweb.com,Male,3/9/1953,SSE1
296,Andriana,Tuerena,atuerena87@eventbrite.com,Female,8/5/1982,SSE1
297,Addie,Eyckel,aeyckel88@census.gov,Male,11/8/1945,SDE3
298,Conan,Di Biasio,cdibiasio89@zdnet.com,Male,3/26/1983,SSE1
299,Lula,Boerderman,lboerderman8a@weebly.com,Female,,
300,Rycca,Tethacot,rtethacot8b@simplemachines.org,Female,1/3/2009,SDE1
301,Birch,Gleeton,bgleeton8c@thetimes.co.uk,Male,9/12/1964,SDE1
302,Artemas,Slade,aslade8d@dion.ne.jp,Male,6/4/2004,SD2
303,Burty,Drust,bdrust8e@wordpress.org,Male,12/29/1946,SDE1
304,Ursa,Hempshall,uhempshall8f@flickr.com,Female,1/2/1950,SDE1
305,Ramona,Lawfull,rlawfull8g@over-blog.com,Female,7/27/1976,SDE1
306,Silvester,Sex,ssex8h@salon.com,Male,,
307,Beckie,Tenbrug,btenbrug8i@si.edu,Female,12/4/1946,SDE1
308,Carlye,Jahns,cjahns8j@home.pl,Female,11/26/2014,SD2
309,Mignonne,Fawloe,mfawloe8k@go.com,Female,12/23/1951,SSE2
310,Charley,Few,cfew8l@lulu.com,Male,5/27/1986,SDE1
311,Gusella,Jaggard,gjaggard8m@cisco.com,Female,7/31/1944,SDE1
312,Halsy,Steane,hsteane8n@comsenz.com,Male,1/24/1973,SDE1
313,Kent,Woolward,kwoolward8o@usa.gov,Male,9/1/1988,SSE1
314,Thorpe,Pfeffel,tpfeffel8p@illinois.edu,Male,11/30/1989,SD2
315,Kelcey,Knight,kknight8q@tmall.com,Bigender,7/31/2012,SDE1
316,Elissa,Scouller,escouller8r@statcounter.com,Female,11/1/2010,SDE1
317,Dotti,Ruckert,druckert8s@msn.com,Female,1/8/2010,SSE1
318,Falkner,Hayne,fhayne8t@smh.com.au,Male,3/25/1954,SSE2
319,Edee,Dufour,edufour8u@ovh.net,Female,11/6/1979,SSE2
320,Reba,Jagg,rjagg8v@berkeley.edu,Female,1/4/1989,SDE1
321,Ban,Hallowell,bhallowell8w@hostgator.com,Male,8/26/2011,SDE1
322,Shadow,Renard,srenard8x@epa.gov,Male,8/22/1967,SSE1
323,Rodney,Wheatman,rwheatman8y@youtube.com,Male,3/11/1965,SSE2
324,Etan,Gentile,egentile8z@google.ca,Male,5/11/2003,SSE1
325,Chaddie,Veness,cveness90@un.org,Male,3/31/1993,SSE1
326,Eolande,Ancell,eancell91@parallels.com,Female,10/10/1978,SDE1
327,Chickie,Sparway,csparway92@bandcamp.com,Male,4/25/1985,SDE3
328,Hendrick,Fahrenbach,hfahrenbach93@51.la,Bigender,7/6/2011,SSE1
329,Niki,Skaid,nskaid94@bbb.org,Female,5/26/1955,SD2
330,Gloria,Wasselin,gwasselin95@taobao.com,Female,9/28/1967,SSE2
331,Mathilde,Szimon,mszimon96@businesswire.com,Female,,
332,Daryl,Redholls,dredholls97@qq.com,Male,3/10/2006,SDE3
333,Deane,Dumbrill,ddumbrill98@time.com,Male,5/11/1962,SDE3
334,Wilden,Warby,wwarby99@smugmug.com,Male,,
335,Melinde,Kilshall,mkilshall9a@cnn.com,Female,8/26/1988,SD2
336,Stanislaw,Springtorp,sspringtorp9b@nps.gov,Male,3/28/1978,SDE3
337,Kandy,Burgott,kburgott9c@mtv.com,Female,8/6/2012,SDE3
338,Erasmus,Loram,eloram9d@blogspot.com,Male,12/12/1975,SDE1
339,Janene,Gurrado,jgurrado9e@flavors.me,Female,10/29/1941,SD2
340,Johnny,Cavalier,jcavalier9f@baidu.com,Male,6/9/1948,SSE1
341,Ware,Willas,wwillas9g@unesco.org,Male,1/15/1979,SD2
342,Erina,Grayling,egrayling9h@telegraph.co.uk,Female,11/20/1947,SDE1
343,Stephanie,Boxill,sboxill9i@tiny.cc,Female,8/3/1988,SDE1
344,Marmaduke,Drake,mdrake9j@cmu.edu,Male,4/22/1989,SD2
345,Kurt,Paddick,kpaddick9k@flickr.com,Male,6/18/1953,SSE1
346,Harv,Colledge,hcolledge9l@liveinternet.ru,Male,8/6/1957,SD2
347,Erin,Silverstone,esilverstone9m@nymag.com,Genderfluid,8/1/2001,SSE2
348,Stern,Oats,soats9n@tinyurl.com,Male,,
349,Alvinia,McGow,amcgow9o@ft.com,Female,2/14/2003,SSE2
350,Emilio,Pasfield,epasfield9p@1688.com,Male,6/2/1976,SSE1
351,Waverly,Corbyn,wcorbyn9q@sina.com.cn,Male,3/28/1954,SSE1
352,Iormina,Hegg,ihegg9r@gnu.org,Non-binary,4/13/2008,SDE3
353,Rickard,Messager,rmessager9s@cmu.edu,Male,11/28/1990,SSE1
354,Nobe,Bracknall,nbracknall9t@blogs.com,Male,10/29/1960,SSE2
355,Ellsworth,Lesmonde,elesmonde9u@pbs.org,Male,6/28/1956,SSE1
356,Chantal,Mereweather,cmereweather9v@sohu.com,Female,11/7/1983,SSE2
357,Wendye,Mayers,wmayers9w@lycos.com,Female,5/7/1952,SD2
358,Giorgi,Beecroft,gbeecroft9x@list-manage.com,Male,5/14/1951,SD2
359,Kermy,Simonnin,ksimonnin9y@cdc.gov,Male,10/12/1959,SD2
360,Edward,Huster,ehuster9z@smh.com.au,Male,6/20/1996,SSE1
361,Rafaello,Severn,rseverna0@cornell.edu,Male,12/17/1965,SDE1
362,Melisande,Wahlberg,mwahlberga1@jugem.jp,Genderfluid,10/16/2013,SDE3
363,Meredith,Gosneye,mgosneyea2@imdb.com,Female,11/23/1951,SDE3
364,Bone,Rowan,browana3@cbsnews.com,Male,11/10/1985,SSE1
365,Jennine,Johnes,jjohnesa4@skype.com,Female,5/26/1952,SDE3
366,Morgan,de la Tremoille,mdelatremoillea5@rambler.ru,Non-binary,9/29/2015,SD2
367,Elizabeth,Matieu,ematieua6@irs.gov,Female,7/16/1958,SD2
368,Carine,Hryniewicki,chryniewickia7@dagondesign.com,Female,8/16/1983,SDE3
369,Mariquilla,Lyons,mlyonsa8@nbcnews.com,Female,3/29/2001,SDE1
370,Leicester,Maneylaws,lmaneylawsa9@nydailynews.com,Male,2/27/1954,SDE1
371,Florina,Giovanitti,fgiovanittiaa@opensource.org,Female,6/27/1982,SDE3
372,Carri,Cossom,ccossomab@mysql.com,Female,12/29/1960,SSE1
373,Dalila,Roisen,droisenac@admin.ch,Female,3/19/1975,SDE3
374,Cullie,Doige,cdoigead@vkontakte.ru,Male,6/10/1974,SDE1
375,Mathe,Sola,msolaae@ox.ac.uk,Male,12/2/1981,SD2
376,Iolande,Morrow,imorrowaf@yahoo.com,Bigender,9/26/2013,SDE3
377,Amanda,Sive,asiveag@dmoz.org,Female,4/24/1989,SSE1
378,Marylinda,McCreadie,mmccreadieah@umich.edu,Female,6/28/1978,SSE2
379,Ansel,Romaynes,aromaynesai@washingtonpost.com,Male,6/3/1967,SDE1
380,Hilda,Lower,hloweraj@skyrock.com,Female,6/3/1954,SSE1
381,Josie,Spraging,jspragingak@webmd.com,Female,1/23/2010,SSE1
382,Rubin,Matches,rmatchesal@harvard.edu,Male,5/25/1981,SSE2
383,Randy,Mackelworth,rmackelwortham@360.cn,Male,5/24/1991,SSE2
384,Fransisco,Coatham,fcoathaman@privacy.gov.au,Male,6/10/2000,SSE2
385,Randall,Taffarello,rtaffarelloao@amazon.de,Male,12/25/1966,SDE3
386,Hetty,Wones,hwonesap@wired.com,Female,6/22/2009,SDE3
387,Rianon,Mullany,rmullanyaq@merriam-webster.com,Non-binary,9/10/1989,SD2
388,Felicio,Metts,fmettsar@fema.gov,Male,8/18/2015,SSE1
389,Terrijo,Curton,tcurtonas@gizmodo.com,Female,7/18/2000,SSE2
390,Ranna,Forward,rforwardat@boston.com,Female,6/12/1995,SDE3
391,Veradis,Gurg,vgurgau@hatena.ne.jp,Female,9/16/2001,SSE2
392,Saree,Shovel,sshovelav@cbsnews.com,Female,4/17/1970,SSE1
393,Luis,Blazy,lblazyaw@github.com,Male,4/25/1956,SSE1
394,Wolfy,Hawtry,whawtryax@t.co,Male,2/8/1965,SDE3
395,Brena,Berston,bberstonay@woothemes.com,Female,7/26/1999,SSE2
396,Timothea,Seint,tseintaz@pcworld.com,Genderqueer,4/11/1950,SSE1
397,Jayson,Jope,jjopeb0@360.cn,Male,11/13/1998,SSE2
398,Glyn,Fozard,gfozardb1@si.edu,Female,4/28/1975,SSE1
399,Cami,Cockton,ccocktonb2@twitter.com,Female,8/19/1945,SSE2
400,Lowe,Petrol,lpetrolb3@wikispaces.com,Male,8/16/1956,SDE1
401,Nonnah,Cleaton,ncleatonb4@discuz.net,Female,1/16/2010,SD2
402,Lowell,Kairns,lkairnsb5@newyorker.com,Male,7/19/1977,SDE3
403,Leroi,Shillabear,lshillabearb6@t-online.de,Male,3/20/1968,SSE1
404,Athena,Carslaw,acarslawb7@webmd.com,Female,9/8/1995,SSE2
405,Greg,Antoinet,gantoinetb8@examiner.com,Male,1/11/1941,SSE2
406,Dolph,Terbruggen,dterbruggenb9@wordpress.com,Male,9/25/2005,SDE3
407,Shani,MacNally,smacnallyba@disqus.com,Female,5/6/1974,SDE1
408,Orelle,McDoual,omcdoualbb@house.gov,Female,2/12/1997,SDE3
409,Letty,Elmhirst,lelmhirstbc@hexun.com,Female,11/24/2010,SSE2
410,Wolf,Idell,widellbd@huffingtonpost.com,Male,3/11/1957,SD2
411,Ase,Ovens,aovensbe@nature.com,Male,1/4/1946,SSE2
412,Wendy,Trillo,wtrillobf@hhs.gov,Female,7/19/1957,SSE2
413,Hannis,Heald,hhealdbg@java.com,Female,9/8/1966,SSE1
414,Fabian,Murrison,fmurrisonbh@ehow.com,Male,9/30/1988,SDE3
415,Philis,Tebbett,ptebbettbi@dailymail.co.uk,Female,2/27/1974,SSE1
416,Mahalia,Comazzo,mcomazzobj@privacy.gov.au,Female,11/7/2007,SDE1
417,Magdalena,Innett,minnettbk@army.mil,Female,5/16/1977,SSE2
418,Minor,Bartrum,mbartrumbl@webs.com,Male,12/6/1958,SSE2
419,Kareem,Hadwin,khadwinbm@creativecommons.org,Male,7/2/1999,SDE3
420,Ginelle,Gingell,ggingellbn@vk.com,Female,2/22/2006,SD2
421,Harlen,Imlach,himlachbo@prnewswire.com,Male,1/13/1993,SSE2
422,Killy,Corradi,kcorradibp@sogou.com,Male,10/19/1984,SDE3
423,Ardath,Briant,abriantbq@wunderground.com,Female,8/17/1995,SSE2
424,Rosalinde,Grimm,rgrimmbr@vkontakte.ru,Female,6/14/1955,SD2
425,Griffin,Gossage,ggossagebs@ovh.net,Male,,
426,Fabe,Clement,fclementbt@sohu.com,Male,5/11/1962,SSE1
427,Cornall,Hackley,chackleybu@sogou.com,Polygender,5/5/2011,SSE1
428,Georgena,Titterell,gtitterellbv@auda.org.au,Female,3/22/1941,SDE1
429,Clint,Wainman,cwainmanbw@nifty.com,Genderqueer,1/29/2009,SDE1
430,Clement,Strangman,cstrangmanbx@vimeo.com,Male,,
431,Elizabet,Gonning,egonningby@addtoany.com,Polygender,12/8/1945,SSE2
432,Vlad,Robiou,vrobioubz@nba.com,Polygender,4/16/1996,SD2
433,Kerry,Gallgher,kgallgherc0@digg.com,Female,7/20/1980,SDE3
434,Lynsey,Burel,lburelc1@businessweek.com,Female,7/26/1948,SDE3
435,Aharon,Overshott,aovershottc2@plala.or.jp,Male,8/23/1974,SSE1
436,Raina,Richardet,rrichardetc3@ezinearticles.com,Female,2/13/1970,SSE2
437,Clayborne,Lantry,clantryc4@ibm.com,Polygender,10/3/1960,SDE1
438,Spenser,Weerdenburg,sweerdenburgc5@skype.com,Polygender,4/20/1946,SDE1
439,Jacquie,Swanger,jswangerc6@umich.edu,Female,8/16/1962,SDE1
440,Flossy,Statton,fstattonc7@ca.gov,Polygender,9/1/1981,SD2
441,Frants,Marple,fmarplec8@cnbc.com,Male,4/30/1966,SD2
442,Harold,Prestige,hprestigec9@theguardian.com,Genderqueer,12/23/2012,SSE2
443,Carlen,Beartup,cbeartupca@redcross.org,Female,,
444,Hilton,Ivanets,hivanetscb@bluehost.com,Male,9/12/1954,SDE3
445,Adela,Bernhardi,abernhardicc@miitbeian.gov.cn,Female,2/28/1964,SSE1
446,Jephthah,Ravenscraft,jravenscraftcd@ibm.com,Male,1/29/1993,SDE3
447,Padraig,Hoff,phoffce@blogspot.com,Male,5/21/1988,SD2
448,Joseph,MacIntosh,jmacintoshcf@instagram.com,Male,3/25/1944,SDE1
449,Sherry,Leys,sleyscg@hugedomains.com,Female,7/16/1967,SSE1
450,Isidoro,Boycott,iboycottch@spotify.com,Male,9/15/2004,SDE1
451,Patten,Sutherland,psutherlandci@icio.us,Male,6/28/1965,SDE3
452,Slade,Gourlay,sgourlaycj@instagram.com,Male,12/18/1949,SD2
453,Theresita,Willerstone,twillerstoneck@wsj.com,Female,5/29/2000,SDE1
454,Channa,Hastings,chastingscl@nih.gov,Female,9/10/1990,SD2
455,Genevieve,McNab,gmcnabcm@kickstarter.com,Female,2/9/2003,SD2
456,Patsy,Streat,pstreatcn@umn.edu,Male,11/20/1956,SSE2
457,Horatius,Sepey,hsepeyco@tumblr.com,Male,2/9/1977,SSE2
458,Leontyne,Gedling,lgedlingcp@intel.com,Female,12/4/2009,SDE1
459,Wenona,Prendeguest,wprendeguestcq@1688.com,Female,9/10/1997,SDE1
460,Arabela,Patry,apatrycr@bing.com,Genderfluid,6/4/1944,SDE3
461,Phoebe,Cornejo,pcornejocs@angelfire.com,Female,7/20/1947,SDE3
462,Alonzo,Janic,ajanicct@narod.ru,Male,7/20/2012,SSE2
463,Doralynn,Kippins,dkippinscu@wisc.edu,Female,6/7/1947,SDE3
464,Craig,Liddiard,cliddiardcv@merriam-webster.com,Male,6/5/2002,SSE1
465,Granthem,Castellaccio,gcastellacciocw@miitbeian.gov.cn,Male,9/26/2010,SDE1
466,Stern,Pfiffer,spfiffercx@rediff.com,Genderfluid,12/18/1991,SSE2
467,Betty,Kleiser,bkleisercy@moonfruit.com,Female,11/1/1969,SSE1
468,Lu,Tagg,ltaggcz@msu.edu,Female,9/13/1994,SD2
469,Bartholomeo,Rubin,brubind0@prweb.com,Male,11/9/1963,SDE1
470,Alon,Scannell,ascannelld1@i2i.jp,Male,11/24/1977,SSE2
471,Earle,Weekley,eweekleyd2@nationalgeographic.com,Male,6/8/2010,SSE1
472,Rosita,Detoile,rdetoiled3@cdc.gov,Female,12/4/1942,SD2
473,Callida,Nano,cnanod4@nbcnews.com,Female,6/3/1944,SD2
474,Field,Kirrage,fkirraged5@sakura.ne.jp,Male,5/28/1983,SDE3
475,Noak,Kindall,nkindalld6@wiley.com,Male,6/14/1966,SSE2
476,Reuven,Flowerdew,rflowerdewd7@who.int,Male,11/14/1949,SDE3
477,Barrie,Woodfin,bwoodfind8@1und1.de,Polygender,,
478,Lita,Trythall,ltrythalld9@nsw.gov.au,Female,7/29/1952,SDE1
479,Nanette,Wastall,nwastallda@surveymonkey.com,Polygender,1/29/2010,SDE1
480,Lonee,Prickett,lprickettdb@behance.net,Female,6/9/1987,SDE1
481,Jodie,Servant,jservantdc@nytimes.com,Male,12/18/1990,SDE1
482,Deedee,Jeremaes,djeremaesdd@typepad.com,Female,12/11/1941,SDE1
483,Bobbette,Hambridge,bhambridgede@ibm.com,Female,2/25/2011,SSE2
484,Ingeberg,Zarfai,izarfaidf@vk.com,Female,5/15/2013,SSE1
485,Normand,Sexstone,nsexstonedg@goo.gl,Male,9/6/1942,SD2
486,Emmaline,Flowers,eflowersdh@1und1.de,Female,6/18/2001,SDE3
487,Normy,Dallewater,ndallewaterdi@senate.gov,Male,11/30/2006,SD2
488,Selinda,Tovey,stoveydj@google.com.au,Female,6/28/1951,SD2
489,Adrien,Beevis,abeevisdk@ft.com,Male,1/30/1950,SSE1
490,Urbano,Ruslinge,uruslingedl@engadget.com,Male,3/5/1953,SD2
491,Shannon,Showen,sshowendm@geocities.com,Male,,
492,Frannie,Shawe,fshawedn@networkadvertising.org,Female,9/1/2008,SSE2
493,Goran,Paddick,gpaddickdo@ustream.tv,Male,4/3/1988,SSE1
494,Howey,Kitchinghan,hkitchinghandp@scientificamerican.com,Male,10/20/2008,SDE3
495,Jesse,Stretton,jstrettondq@cisco.com,Male,4/24/1948,SSE1
496,Willetta,McKerrow,wmckerrowdr@census.gov,Female,1/27/2004,SD2
497,Lock,Shew,lshewds@addtoany.com,Male,7/20/1957,SD2
498,Almira,Callingham,acallinghamdt@free.fr,Female,10/8/1955,SD2
499,Reggis,Sinkinson,rsinkinsondu@uol.com.br,Male,7/12/1974,SDE1
500,Nada,Swannell,nswannelldv@pagesperso-orange.fr,Female,4/27/1987,SD2
501,Erhard,Fairbourn,efairbourndw@skype.com,Male,8/26/1968,SSE1
502,Stanwood,Ramlot,sramlotdx@feedburner.com,Male,12/30/1978,SD2
503,Jareb,Rantoull,jrantoulldy@hp.com,Male,9/18/1984,SSE1
504,Lovell,Livick,llivickdz@people.com.cn,Male,3/11/1960,SD2
505,Skippie,Daubeny,sdaubenye0@livejournal.com,Male,3/21/1953,SDE1
506,Tracey,Angelo,tangeloe1@mapquest.com,Male,2/9/1958,SSE1
507,Lorilyn,Stiger,lstigere2@mozilla.com,Female,12/13/1979,SD2
508,Benjamen,Shales,bshalese3@php.net,Male,6/20/2013,SDE3
509,Carr,Ollie,colliee4@mapy.cz,Male,2/2/1990,SDE1
510,Fidela,Legonidec,flegonidece5@barnesandnoble.com,Female,2/26/1993,SSE1
511,Dante,Swynley,dswynleye6@eventbrite.com,Male,4/2/1941,SDE1
512,Nappy,Bromehead,nbromeheade7@economist.com,Male,1/16/1965,SDE1
513,Rufe,MacArte,rmacartee8@squarespace.com,Male,11/8/1956,SD2
514,Molly,Kimpton,mkimptone9@npr.org,Female,,
515,Trent,MacKibbon,tmackibbonea@moonfruit.com,Male,9/7/1953,SSE2
516,Murielle,Dutt,mdutteb@edublogs.org,Female,7/6/2012,SSE1
517,Yves,Canellas,ycanellasec@narod.ru,Male,10/4/1963,SSE2
518,Crystie,Gossage,cgossageed@4shared.com,Female,6/8/1947,SDE3
519,Michaelina,Dmitr,mdmitree@cbsnews.com,Genderqueer,8/18/1975,SD2
520,Roldan,Filipczak,rfilipczakef@hexun.com,Male,10/11/1993,SSE2
521,Wade,Tonry,wtonryeg@technorati.com,Genderfluid,9/4/1960,SSE2
522,Elsbeth,McGonigal,emcgonigaleh@php.net,Female,4/4/1986,SDE3
523,Ryun,Suttill,rsuttillei@pagesperso-orange.fr,Male,6/16/1953,SSE1
524,Nerty,Brafferton,nbraffertonej@constantcontact.com,Female,,
525,Philip,Songist,psongistek@cyberchimps.com,Agender,11/28/1955,SD2
526,Hercules,Johnsee,hjohnseeel@scientificamerican.com,Male,12/13/2006,SDE3
527,Valentino,Noury,vnouryem@reverbnation.com,Male,4/21/2012,SSE2
528,Vaclav,De Miranda,vdemirandaen@rambler.ru,Male,8/6/1958,SD2
529,Judd,Cuseick,jcuseickeo@intel.com,Male,2/8/1979,SSE2
530,Viole,Avramov,vavramovep@devhub.com,Female,11/21/1985,SSE2
531,Randolph,Frenzl,rfrenzleq@chronoengine.com,Male,3/6/1975,SD2
532,Bettina,Isgate,bisgateer@typepad.com,Female,1/11/1967,SDE3
533,Bettina,Begin,bbegines@etsy.com,Female,3/3/1978,SDE1
534,Jobyna,McBrearty,jmcbreartyet@princeton.edu,Genderqueer,,
535,Riki,True,rtrueeu@time.com,Female,5/29/2010,SSE1
536,Orlando,Simone,osimoneev@nhs.uk,Male,1/26/2012,SSE1
537,Phillipp,Marden,pmardenew@wordpress.org,Male,4/12/1962,SSE1
538,Geordie,Van Arsdalen,gvanarsdalenex@mapy.cz,Male,6/17/1991,SD2
539,Ainsley,Gooderidge,agooderidgeey@youtu.be,Bigender,1/11/2007,SDE1
540,Winfred,Adger,wadgerez@samsung.com,Male,3/15/1963,SDE1
541,Daveta,Kubacek,dkubacekf0@mashable.com,Genderfluid,3/24/1954,SD2
542,Pauletta,Maria,pmariaf1@zdnet.com,Genderfluid,10/6/2009,SDE3
543,Howey,Balharrie,hbalharrief2@addtoany.com,Male,1/5/1989,SSE2
544,Eugenius,Habbijam,ehabbijamf3@auda.org.au,Male,12/4/1945,SD2
545,Tarrah,Alldritt,talldrittf4@yellowbook.com,Female,11/19/1953,SD2
546,Winny,Murrthum,wmurrthumf5@addthis.com,Female,,
547,Marney,Harbard,mharbardf6@wordpress.com,Female,1/31/1976,SSE1
548,Erik,Westcott,ewestcottf7@google.com.br,Male,8/19/1946,SD2
549,Kimberly,Germon,kgermonf8@dropbox.com,Female,10/1/1990,SD2
550,Luce,Romushkin,lromushkinf9@ustream.tv,Female,7/18/1962,SD2
551,Munmro,Easen,measenfa@earthlink.net,Male,,
552,Courtnay,Peirone,cpeironefb@fotki.com,Non-binary,11/23/1957,SSE1
553,Mitchel,Drinkale,mdrinkalefc@mail.ru,Male,7/13/1991,SDE1
554,Florenza,Peachey,fpeacheyfd@ihg.com,Female,10/14/1965,SDE3
555,Hogan,Kieran,hkieranfe@123-reg.co.uk,Male,4/28/1976,SDE3
556,Sandye,Bradock,sbradockff@unc.edu,Non-binary,4/17/1959,SDE1
557,Bobby,Syddon,bsyddonfg@ted.com,Male,1/10/2008,SD2
558,Erhart,Farrar,efarrarfh@google.it,Male,3/12/1948,SSE1
559,Travers,Pidwell,tpidwellfi@icq.com,Male,2/3/1968,SDE3
560,Thorin,Stockdale,tstockdalefj@opera.com,Male,5/21/1956,SDE3
561,Danette,Samudio,dsamudiofk@imgur.com,Female,3/19/1972,SDE3
562,Nancie,Grimestone,ngrimestonefl@ifeng.com,Female,2/22/1960,SSE1
563,Griffin,Markel,gmarkelfm@phpbb.com,Male,4/7/1998,SDE1
564,Cull,Andreasen,candreasenfn@jigsy.com,Male,,
565,Alyse,Cussen,acussenfo@usgs.gov,Female,10/25/2010,SDE3
566,Michel,Height,mheightfp@furl.net,Female,6/14/2008,SDE1
567,Jourdan,Mandell,jmandellfq@apple.com,Female,8/29/2014,SSE2
568,Lynn,Harniman,lharnimanfr@bloglovin.com,Female,2/20/1957,SSE2
569,Ashleigh,Tilliards,atilliardsfs@rakuten.co.jp,Female,3/7/1961,SDE1
570,Brander,Grolmann,bgrolmannft@stanford.edu,Male,3/21/2004,SSE1
571,Cristian,Sturdy,csturdyfu@bloomberg.com,Male,3/15/1991,SDE3
572,Bogart,Breslauer,bbreslauerfv@delicious.com,Male,10/17/2004,SDE1
573,Isidor,Streatfield,istreatfieldfw@bbb.org,Male,2/6/1992,SDE1
574,Skell,Frayne,sfraynefx@technorati.com,Male,,
575,Christiane,Habbin,chabbinfy@paginegialle.it,Female,12/11/1994,SSE2
576,Lloyd,Godlip,lgodlipfz@storify.com,Male,3/7/1982,SD2
577,Concordia,Goodhall,cgoodhallg0@so-net.ne.jp,Agender,3/31/2002,SSE1
578,Ario,Mouat,amouatg1@prweb.com,Male,4/13/1991,SDE3
579,Luisa,Raun,lraung2@cnet.com,Non-binary,,
580,Horatius,Maccaig,hmaccaigg3@elpais.com,Male,9/19/2002,SD2
581,Vaclav,Bissiker,vbissikerg4@reverbnation.com,Male,3/14/1975,SSE1
582,Mallissa,Fussie,mfussieg5@ebay.co.uk,Female,10/10/1954,SSE2
583,Devonna,Chasmor,dchasmorg6@youtu.be,Polygender,6/23/1957,SDE3
584,Ondrea,Zarfati,ozarfatig7@github.io,Female,8/15/2012,SDE1
585,Winonah,Crouse,wcrouseg8@google.ca,Agender,12/15/1987,SSE2
586,Vevay,Cranmor,vcranmorg9@i2i.jp,Female,1/11/2000,SDE1
587,Johan,Sackur,jsackurga@eepurl.com,Male,,
588,Dru,Mcmanaman,dmcmanamangb@nytimes.com,Male,2/26/1966,SDE1
589,Red,Polk,rpolkgc@altervista.org,Male,,
590,Neil,Pyke,npykegd@ucoz.ru,Male,10/17/2012,SD2
591,Torin,Bovis,tbovisge@github.io,Male,7/30/1943,SSE1
592,Licha,Ambrogioli,lambrogioligf@statcounter.com,Female,7/20/1968,SSE1
593,Mollee,Goldsby,mgoldsbygg@freewebs.com,Bigender,1/26/2005,SDE3
594,Jarrad,Creek,jcreekgh@imdb.com,Male,4/7/1986,SD2
595,Ruddie,Weatherdon,rweatherdongi@live.com,Male,,
596,Glen,Zanardii,gzanardiigj@blog.com,Female,9/14/1986,SD2
597,Jacky,Highway,jhighwaygk@linkedin.com,Male,2/13/1953,SDE1
598,Lothaire,Leiden,lleidengl@sogou.com,Male,10/24/1960,SSE1
599,Raven,Claxson,rclaxsongm@phpbb.com,Non-binary,8/10/1977,SD2
600,Georgeanna,Memmory,gmemmorygn@instagram.com,Female,10/22/2011,SDE1
601,Dorry,Sothern,dsotherngo@theatlantic.com,Female,3/15/2001,SSE1
602,Sidoney,O' Hogan,sohogangp@digg.com,Female,1/23/1958,SDE1
603,Daryl,Mockford,dmockfordgq@bbb.org,Female,10/28/1973,SDE3
604,Frasier,Yashin,fyashingr@nationalgeographic.com,Male,1/28/2013,SSE1
605,Odell,Craigheid,ocraigheidgs@about.com,Male,7/14/1950,SDE3
606,Kristal,Easlea,keasleagt@paypal.com,Female,10/2/1973,SDE3
607,Cheslie,Attkins,cattkinsgu@globo.com,Female,6/1/2010,SD2
608,Sal,Joney,sjoneygv@macromedia.com,Male,4/1/2006,SD2
609,Stanley,Murtimer,smurtimergw@ebay.com,Male,5/17/1986,SDE1
610,Vinnie,Bergstrand,vbergstrandgx@buzzfeed.com,Female,8/4/1948,SDE1
611,Moishe,Felgate,mfelgategy@cisco.com,Agender,10/7/1997,SSE1
612,Felice,Kenlin,fkenlingz@spotify.com,Male,3/2/2007,SD2
613,Michaeline,Messager,mmessagerh0@sina.com.cn,Female,7/27/1998,SDE1
614,Yelena,Busain,ybusainh1@unblog.fr,Female,12/25/1978,SSE2
615,Arlen,Dewar,adewarh2@homestead.com,Female,5/30/1987,SSE2
616,Chick,Cufflin,ccufflinh3@usa.gov,Male,6/1/1994,SD2
617,Chickie,Asman,casmanh4@tiny.cc,Male,10/19/1970,SSE2
618,Lebbie,MacFie,lmacfieh5@about.com,Female,10/9/1992,SDE1
619,Koren,Baumford,kbaumfordh6@unicef.org,Polygender,8/14/1972,SDE3
620,Gene,Pettinger,gpettingerh7@census.gov,Male,8/5/2004,SDE3
621,Marieann,Sainthill,msainthillh8@scientificamerican.com,Bigender,,
622,Sherwood,Bumpass,sbumpassh9@about.me,Male,5/4/1946,SSE2
623,Chance,Holborn,cholbornha@zimbio.com,Male,1/24/2007,SSE2
624,Rici,Mirfield,rmirfieldhb@harvard.edu,Female,12/19/2014,SD2
625,Hedvige,Ccomini,hccominihc@tripadvisor.com,Female,5/8/1973,SDE3
626,Griffy,Sproson,gsprosonhd@go.com,Male,3/29/1961,SDE1
627,Algernon,Stuther,astutherhe@nsw.gov.au,Male,1/28/1975,SD2
628,Bernette,Zecchini,bzecchinihf@reddit.com,Female,8/22/1977,SD2
629,Hale,Snap,hsnaphg@51.la,Male,12/8/1970,SSE2
630,Marlee,Denny,mdennyhh@pagesperso-orange.fr,Polygender,7/25/1959,SD2
631,Hadleigh,Torbett,htorbetthi@shutterfly.com,Male,5/1/1955,SDE1
632,Angie,Goodluck,agoodluckhj@sun.com,Male,10/27/1987,SD2
633,Norma,Obbard,nobbardhk@boston.com,Female,6/7/2005,SDE3
634,Leigha,Spadazzi,lspadazzihl@yellowpages.com,Female,4/20/1976,SSE1
635,Tootsie,Clarke,tclarkehm@about.me,Female,6/14/1965,SSE2
636,Brucie,Henniger,bhennigerhn@wsj.com,Male,3/3/1950,SD2
637,Dinah,Gentsch,dgentschho@stanford.edu,Female,3/13/2007,SDE1
638,Gussie,Braunfeld,gbraunfeldhp@com.com,Female,1/20/1965,SSE2
639,Aldo,Barszczewski,abarszczewskihq@fc2.com,Male,,
640,Cybill,Erskin,cerskinhr@jugem.jp,Female,6/4/1962,SDE3
641,Jewelle,Hanrahan,jhanrahanhs@mlb.com,Female,3/8/1980,SSE1
642,Katine,Petraitis,kpetraitisht@google.com.hk,Female,5/11/2004,SDE1
643,Ginevra,Ponting,gpontinghu@omniture.com,Female,7/20/1948,SDE3
644,Care,Janjusevic,cjanjusevichv@vistaprint.com,Male,9/16/1998,SSE2
645,Frankie,McGarahan,fmcgarahanhw@engadget.com,Female,3/24/1980,SDE3
646,Gwyneth,Dorian,gdorianhx@cnbc.com,Female,6/27/1961,SDE1
647,Artemus,Hatherill,ahatherillhy@tiny.cc,Male,3/14/1963,SDE1
648,Saloma,Bartlosz,sbartloszhz@tinyurl.com,Female,8/8/1954,SDE1
649,Selig,Hartell,shartelli0@ezinearticles.com,Male,5/11/2004,SSE1
650,Meris,Menichi,mmenichii1@digg.com,Female,11/9/1970,SDE3
651,Alix,Westlake,awestlakei2@narod.ru,Genderqueer,5/24/1962,SSE2
652,Jo-ann,Smiz,jsmizi3@bbb.org,Female,10/4/1979,SDE3
653,Eleanore,Kensley,ekensleyi4@cornell.edu,Female,7/4/2009,SSE1
654,Kippie,Dallon,kdalloni5@washington.edu,Male,12/18/1957,SSE2
655,Brocky,Rubin,brubini6@google.pl,Male,11/5/1949,SD2
656,Susanna,Handscomb,shandscombi7@bbb.org,Female,3/19/1948,SDE1
657,Rasla,Matteuzzi,rmatteuzzii8@yahoo.co.jp,Female,11/8/1977,SDE1
658,Charlotta,Swales,cswalesi9@imgur.com,Female,12/17/1986,SDE1
659,Brandea,Tuminelli,btuminelliia@cam.ac.uk,Female,7/19/1946,SDE3
660,Kristal,Bleaden,kbleadenib@shutterfly.com,Female,3/29/2005,SD2
661,Xever,Bingle,xbingleic@desdev.cn,Male,7/22/1956,SDE3
662,Lana,Hew,lhewid@technorati.com,Female,2/3/1950,SDE1
663,Damian,Riatt,driattie@sfgate.com,Male,10/30/1955,SSE1
664,Violet,Hartnup,vhartnupif@stanford.edu,Female,6/23/1985,SSE1
665,Porty,Westlake,pwestlakeig@yolasite.com,Male,11/21/2003,SSE2
666,Anetta,Gloyens,agloyensih@histats.com,Female,7/8/2002,SSE1
667,Spike,Tzarkov,stzarkovii@istockphoto.com,Polygender,6/30/1943,SDE3
668,Arley,Jouning,ajouningij@google.ru,Male,12/3/2010,SDE1
669,Amelia,Hunston,ahunstonik@epa.gov,Female,9/20/1987,SD2
670,Rosalinda,Shardlow,rshardlowil@moonfruit.com,Female,11/12/1984,SSE2
671,June,Hugnet,jhugnetim@t-online.de,Female,10/30/1958,SSE2
672,Sianna,Dudman,sdudmanin@sohu.com,Female,11/6/1978,SDE3
673,Joleen,Kelwaybamber,jkelwaybamberio@archive.org,Female,10/12/1962,SDE3
674,Uri,Ilott,uilottip@unicef.org,Male,1/29/1963,SDE1
675,Elton,Dechelle,edechelleiq@istockphoto.com,Male,11/10/1984,SDE3
676,Bren,Aylwin,baylwinir@github.com,Male,1/3/1971,SSE1
677,Clarette,Bowman,cbowmanis@npr.org,Female,12/23/1995,SDE3
678,Dolli,Pasticznyk,dpasticznykit@cargocollective.com,Female,10/14/1942,SSE1
679,Leonard,Clavering,lclaveringiu@wikia.com,Male,5/19/2015,SDE1
680,Kariotta,Ciccone,kcicconeiv@earthlink.net,Female,3/11/1941,SDE1
681,Winfield,Hartright,whartrightiw@loc.gov,Male,11/7/1943,SSE1
682,Iorgos,Stuffins,istuffinsix@g.co,Male,7/15/1951,SSE2
683,Wang,O'Dogherty,wodoghertyiy@yellowbook.com,Male,6/24/2008,SDE1
684,George,Walkley,gwalkleyiz@cnbc.com,Female,8/24/1959,SDE1
685,Temp,Dansken,tdanskenj0@ucoz.com,Male,7/31/1971,SDE1
686,Candida,Manton,cmantonj1@senate.gov,Female,6/16/1979,SDE3
687,James,Vlasenkov,jvlasenkovj2@surveymonkey.com,Male,2/5/1957,SDE3
688,Marlena,Bladesmith,mbladesmithj3@craigslist.org,Female,2/21/1967,SSE1
689,Durward,Carbry,dcarbryj4@virginia.edu,Male,3/6/2009,SDE3
690,Nance,Tilling,ntillingj5@ihg.com,Female,6/27/1986,SDE3
691,Calla,Grouvel,cgrouvelj6@jimdo.com,Female,5/31/1995,SSE2
692,Wally,Macklam,wmacklamj7@scribd.com,Agender,12/5/1945,SDE1
693,Amy,Easlea,aeasleaj8@elpais.com,Female,10/17/1995,SDE3
694,Onofredo,Birkenshaw,obirkenshawj9@ycombinator.com,Male,5/20/1959,SDE3
695,Frasquito,Luis,fluisja@nyu.edu,Male,11/10/1980,SDE1
696,Nero,Heinert,nheinertjb@nba.com,Male,,
697,Araldo,Husbands,ahusbandsjc@japanpost.jp,Male,7/20/1943,SDE3
698,Alvina,Bethel,abetheljd@wisc.edu,Female,1/22/1968,SDE3
699,Stephen,Scoggins,sscogginsje@cam.ac.uk,Male,6/15/2004,SDE1
700,Edwina,Scroyton,escroytonjf@shop-pro.jp,Female,12/2/1959,SSE1
701,Jodie,Birkwood,jbirkwoodjg@arstechnica.com,Male,4/11/2012,SD2
702,Fairfax,Nassy,fnassyjh@ustream.tv,Male,7/12/1968,SD2
703,Townsend,Garman,tgarmanji@nps.gov,Male,12/25/1991,SSE1
704,Jess,Shillum,jshillumjj@craigslist.org,Agender,,
705,Antons,Rymour,arymourjk@un.org,Agender,6/6/1959,SDE1
706,Caritta,Semark,csemarkjl@cdbaby.com,Female,12/15/2000,SD2
707,Marice,Bassano,mbassanojm@cornell.edu,Female,3/26/2013,SD2
708,Teresita,Searight,tsearightjn@sakura.ne.jp,Non-binary,9/11/1997,SD2
709,Merrily,Wilks,mwilksjo@foxnews.com,Female,8/3/1996,SSE2
710,Padgett,Slocomb,pslocombjp@mit.edu,Male,,
711,Adrien,Djurkovic,adjurkovicjq@uiuc.edu,Male,8/29/1980,SDE3
712,Michelina,Prangley,mprangleyjr@topsy.com,Female,,
713,Wilow,Cadany,wcadanyjs@bandcamp.com,Female,6/20/1952,SSE1
714,Friedrick,Lernihan,flernihanjt@tumblr.com,Male,9/10/1973,SDE1
715,Zsazsa,Defries,zdefriesju@geocities.com,Female,4/21/1955,SSE1
716,Silvie,Bellson,sbellsonjv@latimes.com,Female,8/30/1975,SSE2
717,Lane,Simison,lsimisonjw@unicef.org,Female,12/30/1966,SDE1
718,Dolorita,McKinnon,dmckinnonjx@xinhuanet.com,Female,11/4/2011,SD2
719,Fayette,Ware,fwarejy@symantec.com,Female,10/22/1976,SD2
720,Nelly,Salmen,nsalmenjz@miibeian.gov.cn,Female,,
721,Pier,Maltman,pmaltmank0@cdbaby.com,Female,,
722,Jeth,Puttrell,jputtrellk1@nature.com,Male,10/31/1969,SDE3
723,Gregorio,Lewis,glewisk2@phoca.cz,Male,10/29/2009,SDE3
724,Zebedee,Berkely,zberkelyk3@ca.gov,Male,5/23/2007,SDE1
725,Pam,Nan Carrow,pnancarrowk4@rediff.com,Genderfluid,7/29/1947,SD2
726,Freedman,Reinmar,freinmark5@1und1.de,Male,5/17/1993,SDE1
727,Roana,Coite,rcoitek6@mozilla.org,Female,10/11/1971,SSE1
728,Silvester,McCluney,smccluneyk7@smugmug.com,Male,6/7/1975,SSE1
729,Rene,Fryers,rfryersk8@boston.com,Male,4/26/2006,SSE2
730,Marney,Skepper,mskepperk9@scientificamerican.com,Female,12/4/1945,SD2
731,Katlin,Thinn,kthinnka@constantcontact.com,Female,1/6/2006,SDE1
732,Emyle,Morpeth,emorpethkb@google.co.jp,Female,4/5/1989,SSE1
733,Ailene,Ayrs,aayrskc@cmu.edu,Female,7/8/1964,SSE1
734,Hugo,McNalley,hmcnalleykd@blog.com,Male,6/3/2007,SDE3
735,Doreen,Brahams,dbrahamske@kickstarter.com,Female,10/11/2002,SSE2
736,Lock,Wight,lwightkf@blinklist.com,Male,12/8/1964,SD2
737,Lidia,Corser,lcorserkg@washingtonpost.com,Female,11/2/1991,SD2
738,Gerianna,O'Regan,goregankh@gravatar.com,Female,3/9/1976,SD2
739,Wat,Rubenfeld,wrubenfeldki@indiegogo.com,Male,5/23/1956,SDE1
740,Elsinore,Tipler,etiplerkj@bloomberg.com,Female,4/15/1975,SDE1
741,Lewie,Puckring,lpuckringkk@clickbank.net,Male,4/19/1975,SDE3
742,Francklin,Cavaney,fcavaneykl@latimes.com,Male,6/12/1948,SSE2
743,Kipp,Sisnett,ksisnettkm@blogtalkradio.com,Male,8/5/1959,SDE1
744,Cacilie,Kynman,ckynmankn@senate.gov,Female,10/5/1977,SSE1
745,Marius,Seyffert,mseyffertko@bbb.org,Male,6/6/2014,SD2
746,Franciska,Flasby,fflasbykp@ebay.com,Female,6/19/1956,SSE2
747,Benedikta,Undrill,bundrillkq@shinystat.com,Female,5/4/1948,SDE3
748,Johnathon,Sillars,jsillarskr@shinystat.com,Male,1/4/2002,SSE2
749,Bernie,Munns,bmunnsks@t.co,Genderfluid,5/1/1998,SDE1
750,Bryna,Pawlaczyk,bpawlaczykkt@istockphoto.com,Female,11/18/1941,SD2
751,Jared,Etter,jetterku@facebook.com,Male,5/17/1941,SD2
752,Hamnet,Klimontovich,hklimontovichkv@geocities.jp,Male,5/9/2014,SD2
753,Gretta,Hackleton,ghackletonkw@jigsy.com,Female,10/25/1975,SDE3
754,Lon,Speare,lspearekx@wix.com,Male,9/12/1970,SSE1
755,Brigham,Tweddell,btweddellky@facebook.com,Male,4/24/1973,SDE1
756,Minnaminnie,Haszard,mhaszardkz@virginia.edu,Female,6/11/2009,SSE2
757,Ellary,Heams,eheamsl0@cpanel.net,Male,2/8/1976,SD2
758,Ellene,Sirmon,esirmonl1@google.pl,Non-binary,3/2/1956,SSE1
759,Arlene,Stayt,astaytl2@networkadvertising.org,Female,7/28/1945,SDE3
760,Carleen,Cantillion,ccantillionl3@surveymonkey.com,Female,10/10/1963,SSE2
761,Aeriell,Kalkhoven,akalkhovenl4@bloglovin.com,Female,,
762,Aurthur,Duxbury,aduxburyl5@amazonaws.com,Male,2/25/1979,SSE2
763,Olag,Maudlin,omaudlinl6@ow.ly,Male,2/19/2013,SD2
764,Cherilyn,Flecknell,cflecknelll7@vimeo.com,Female,,
765,Perceval,Delahunt,pdelahuntl8@archive.org,Male,3/1/2014,SSE1
766,Saunderson,Tailby,stailbyl9@yandex.ru,Male,3/22/1974,SSE2
767,Cassandry,McGerraghty,cmcgerraghtyla@ifeng.com,Female,5/19/1947,SDE1
768,Ernest,Esherwood,eesherwoodlb@cnn.com,Male,11/29/1984,SD2
769,Papageno,Girodon,pgirodonlc@umn.edu,Polygender,1/14/1962,SDE1
770,Stormi,Skrines,sskrinesld@bravesites.com,Agender,7/8/1967,SD2
771,Edita,Coning,econingle@github.io,Female,11/17/1987,SSE1
772,Billy,Borghese,bborgheself@surveymonkey.com,Female,2/13/1995,SDE1
773,Hazel,Staley,hstaleylg@soup.io,Male,2/3/1957,SSE2
774,Jefferey,Shutte,jshuttelh@geocities.com,Male,3/12/2013,SSE1
775,Lara,Fitt,lfittli@plala.or.jp,Female,1/12/1970,SSE2
776,Janot,Stallen,jstallenlj@tumblr.com,Female,11/21/1951,SDE3
777,Marleah,Cardis,mcardislk@deviantart.com,Genderqueer,1/9/2008,SD2
778,Saleem,Connue,sconnuell@nyu.edu,Male,6/11/1987,SDE3
779,Nessa,Wash,nwashlm@canalblog.com,Female,3/14/2006,SSE1
780,Brigitte,Kittredge,bkittredgeln@discuz.net,Female,12/24/1948,SD2
781,Hi,McVey,hmcveylo@pcworld.com,Male,1/24/1970,SD2
782,Heath,Neem,hneemlp@businesswire.com,Male,6/16/1981,SSE2
783,Raven,Canty,rcantylq@moonfruit.com,Female,12/1/1951,SD2
784,Dillon,Quiddington,dquiddingtonlr@imdb.com,Male,5/7/2010,SDE3
785,Lisha,Chazette,lchazettels@zdnet.com,Female,9/9/1999,SD2
786,Aldis,Jacobssen,ajacobssenlt@php.net,Male,3/13/1994,SSE2
787,Carmine,McCardle,cmccardlelu@cdc.gov,Male,10/5/1967,SD2
788,Cacilie,Fuzzey,cfuzzeylv@home.pl,Female,8/20/1982,SDE3
789,Melinda,Danels,mdanelslw@123-reg.co.uk,Female,10/12/1955,SDE1
790,Martin,Colbrun,mcolbrunlx@shop-pro.jp,Male,8/2/2008,SD2
791,Chrotoem,Dowding,cdowdingly@sciencedirect.com,Polygender,12/19/1986,SDE3
792,Rupert,McGown,rmcgownlz@tripadvisor.com,Male,9/16/1990,SD2
793,Gerrard,Pimley,gpimleym0@usa.gov,Male,6/6/2001,SD2
794,Ulysses,Mealing,umealingm1@examiner.com,Male,2/1/1966,SSE1
795,Murdock,Izak,mizakm2@yelp.com,Polygender,7/31/1987,SSE2
796,Holmes,Wafer,hwaferm3@wix.com,Male,7/28/1998,SD2
797,Riordan,Leyborne,rleybornem4@jiathis.com,Male,7/30/2013,SSE1
798,Matthaeus,Gierok,mgierokm5@bbc.co.uk,Male,6/2/1954,SD2
799,Katti,Snuggs,ksnuggsm6@ask.com,Bigender,6/8/2014,SSE1
800,Solomon,Dawidowsky,sdawidowskym7@creativecommons.org,Male,9/3/1990,SSE1
801,Maxwell,Sweatland,msweatlandm8@ucoz.ru,Male,,
802,Bernette,Antonio,bantoniom9@spotify.com,Female,8/29/2001,SDE1
803,Jermaine,Follis,jfollisma@wisc.edu,Male,6/13/1976,SDE1
804,Roger,Jentin,rjentinmb@tinyurl.com,Male,10/9/1994,SDE1
805,Gayle,Wooffitt,gwooffittmc@howstuffworks.com,Female,12/17/2006,SSE2
806,Gertrude,Jacob,gjacobmd@dot.gov,Female,11/30/1954,SSE2
807,Clemmie,Flieger,cfliegerme@cornell.edu,Female,6/16/1963,SDE1
808,Eduino,Myford,emyfordmf@cmu.edu,Agender,1/26/1976,SSE1
809,Reina,De Cristoforo,rdecristoforomg@cargocollective.com,Female,9/28/1968,SSE2
810,Wendel,St Ledger,wstledgermh@discuz.net,Non-binary,12/22/1980,SSE2
811,Jeno,Bearham,jbearhammi@columbia.edu,Male,12/29/1992,SDE1
812,Jyoti,Sinson,jsinsonmj@taobao.com,Female,10/25/1958,SSE2
813,Baxie,de Zamora,bdezamoramk@google.com.hk,Male,7/6/1973,SD2
814,Micheline,Stive,mstiveml@home.pl,Female,3/26/1978,SSE2
815,Lenora,Tassel,ltasselmm@slate.com,Genderfluid,11/19/2010,SDE1
816,Malcolm,Leishman,mleishmanmn@blogtalkradio.com,Male,9/12/1973,SD2
817,Noe,Zoppo,nzoppomo@abc.net.au,Male,8/17/1941,SSE2
818,Krissie,Fawcett,kfawcettmp@mozilla.org,Female,4/6/2015,SSE2
819,Korry,Lake,klakemq@behance.net,Polygender,3/6/1959,SDE3
820,Timmy,Tapply,ttapplymr@reverbnation.com,Male,11/23/2001,SDE1
821,Burt,Jakubovits,bjakubovitsms@census.gov,Male,6/22/2014,SDE3
822,Noel,Tellenbrook,ntellenbrookmt@paginegialle.it,Female,8/29/2006,SSE1
823,Douglass,Pasek,dpasekmu@scientificamerican.com,Male,1/3/1984,SDE3
824,Tobiah,Wyley,twyleymv@arizona.edu,Male,6/11/2005,SSE1
825,Waylen,Scintsbury,wscintsburymw@desdev.cn,Male,8/19/1979,SD2
826,Dore,Standring,dstandringmx@php.net,Male,3/8/2002,SDE1
827,Branden,Lunnon,blunnonmy@economist.com,Polygender,12/5/1946,SD2
828,Amandi,Swaden,aswadenmz@opensource.org,Agender,3/26/2009,SDE3
829,Leopold,Queripel,lqueripeln0@zdnet.com,Male,9/2/2010,SD2
830,Sandra,Cline,sclinen1@bloomberg.com,Female,4/15/1953,SSE1
831,Hughie,Dooland,hdoolandn2@goodreads.com,Male,7/9/1942,SDE1
832,Chastity,Pettyfer,cpettyfern3@networkadvertising.org,Female,1/31/1986,SSE1
833,Garvin,MacPaike,gmacpaiken4@foxnews.com,Male,5/31/1988,SSE2
834,Marshall,Tongs,mtongsn5@hostgator.com,Male,6/7/1980,SSE1
835,Louise,Havock,lhavockn6@businesswire.com,Female,4/3/1942,SDE3
836,Denny,Henderson,dhendersonn7@purevolume.com,Female,9/25/1967,SSE1
837,Samuele,Coast,scoastn8@house.gov,Male,9/22/1960,SDE3
838,Jules,Lanfare,jlanfaren9@rambler.ru,Male,5/4/1998,SSE1
839,Wallie,Liebmann,wliebmannna@wisc.edu,Male,3/27/1963,SD2
840,Minor,Sheards,msheardsnb@devhub.com,Male,11/24/2015,SSE1
841,Menard,Cavil,mcavilnc@forbes.com,Male,12/1/1955,SD2
842,Sammy,Asken,saskennd@nbcnews.com,Male,10/19/1975,SDE1
843,Lainey,Kingswood,lkingswoodne@cloudflare.com,Female,11/1/2010,SSE2
844,Norri,Moloney,nmoloneynf@shinystat.com,Female,11/6/2015,SDE1
845,Mirabelle,Capnerhurst,mcapnerhurstng@simplemachines.org,Female,4/11/2011,SD2
846,Kailey,Bonar,kbonarnh@gravatar.com,Female,8/1/1952,SD2
847,Lydon,Schutte,lschutteni@bbc.co.uk,Male,9/29/1970,SDE3
848,Karly,Cuttelar,kcuttelarnj@examiner.com,Female,4/9/2004,SDE1
849,Daisey,O'Hearn,dohearnnk@amazonaws.com,Female,2/3/2005,SD2
850,Malva,Eburne,meburnenl@symantec.com,Female,7/21/1987,SSE1
851,Latia,Titchmarsh,ltitchmarshnm@guardian.co.uk,Female,,
852,Moishe,Daubney,mdaubneynn@biblegateway.com,Male,,
853,Franz,Graddon,fgraddonno@theatlantic.com,Male,5/12/2008,SSE2
854,Obie,McWilliams,omcwilliamsnp@weebly.com,Male,10/8/1968,SDE3
855,Malvin,Erasmus,merasmusnq@psu.edu,Male,3/3/1985,SSE2
856,Kele,Christoforou,kchristoforounr@1688.com,Male,,
857,Elisha,Quilkin,equilkinns@seattletimes.com,Male,2/10/1964,SD2
858,Hercule,Faill,hfaillnt@census.gov,Male,7/18/2014,SDE3
859,Perkin,McCarlich,pmccarlichnu@msn.com,Male,2/26/1981,SDE1
860,Lannie,Thickpenny,lthickpennynv@bbc.co.uk,Male,8/28/1975,SDE1
861,Beitris,Hearne,bhearnenw@last.fm,Female,7/16/2012,SSE1
862,Bronson,Sweetmore,bsweetmorenx@scientificamerican.com,Male,4/23/1973,SDE1
863,Carlie,Cressingham,ccressinghamny@who.int,Female,3/22/1974,SD2
864,Walliw,Bryson,wbrysonnz@opensource.org,Female,12/9/1984,SSE1
865,Roscoe,Camel,rcamelo0@hugedomains.com,Male,10/26/1941,SD2
866,Hally,Lideard,hlideardo1@squidoo.com,Female,,
867,Jolie,Birdseye,jbirdseyeo2@rambler.ru,Female,12/15/2000,SDE1
868,Belle,Rabat,brabato3@zdnet.com,Genderfluid,6/7/1986,SDE1
869,Paolina,Gwinnel,pgwinnelo4@ox.ac.uk,Female,7/31/2000,SDE1
870,Alfie,Ridings,aridingso5@wufoo.com,Male,12/5/1978,SD2
871,Roxana,Sewell,rsewello6@theatlantic.com,Agender,9/28/1987,SDE1
872,Munroe,Dami,mdamio7@163.com,Male,3/18/1953,SDE3
873,Tammara,Abade,tabadeo8@howstuffworks.com,Female,10/27/1972,SDE3
874,Irene,Feeny,ifeenyo9@xinhuanet.com,Female,5/31/1969,SSE2
875,Brittany,Valance,bvalanceoa@tmall.com,Female,7/5/1951,SDE1
876,Cole,Woloschin,cwoloschinob@naver.com,Male,5/9/1951,SSE2
877,Heindrick,Jurczyk,hjurczykoc@shinystat.com,Male,12/8/2006,SD2
878,King,Claricoates,kclaricoatesod@photobucket.com,Male,7/20/1950,SDE1
879,Laird,Starie,lstarieoe@mozilla.org,Male,4/17/1943,SDE1
880,Aguste,Ikringill,aikringillof@free.fr,Male,5/23/1956,SD2
881,Tibold,Grace,tgraceog@merriam-webster.com,Male,12/4/1945,SSE2
882,Elia,Borsay,eborsayoh@yolasite.com,Male,1/31/1959,SDE1
883,Ber,Blasli,bblaslioi@usgs.gov,Male,4/1/1945,SD2
884,Fallon,Matschek,fmatschekoj@reddit.com,Female,9/9/1998,SDE3
885,Julina,Foxen,jfoxenok@ft.com,Female,2/28/2009,SDE1
886,Valentin,Reeders,vreedersol@ucla.edu,Polygender,12/3/2003,SSE1
887,Patrica,Mibourne,pmibourneom@omniture.com,Female,1/10/1958,SSE1
888,Emmeline,Olford,eolfordon@yelp.com,Genderqueer,6/9/1957,SDE3
889,Kerianne,Slade,ksladeoo@plala.or.jp,Female,8/14/2011,SDE3
890,Joell,Kinnock,jkinnockop@apple.com,Female,7/12/1981,SSE1
891,Marchall,Muzzlewhite,mmuzzlewhiteoq@alibaba.com,Male,,
892,Ettore,Dulake,edulakeor@deliciousdays.com,Male,2/25/2001,SDE1
893,Ruperto,Hucker,rhuckeros@illinois.edu,Male,1/21/1964,SD2
894,Glori,Prator,gpratorot@studiopress.com,Female,4/25/1972,SD2
895,Smitty,Mateuszczyk,smateuszczykou@discovery.com,Male,1/10/1949,SSE1
896,Lois,Tharme,ltharmeov@wiley.com,Polygender,5/1/1968,SDE1
897,Ker,Horsburgh,khorsburghow@networkadvertising.org,Male,10/26/1986,SD2
898,Stanley,Domenc,sdomencox@theguardian.com,Male,11/30/1965,SD2
899,Iosep,Sprague,ispragueoy@oracle.com,Male,4/19/1995,SDE3
900,Rubia,Lammas,rlammasoz@ehow.com,Female,1/7/1945,SSE1
901,Araldo,Joffe,ajoffep0@fastcompany.com,Male,11/26/1974,SSE1
902,Viola,Bartolomeoni,vbartolomeonip1@ask.com,Non-binary,10/21/1988,SSE1
903,Uri,Whylie,uwhyliep2@canalblog.com,Male,1/11/1975,SDE3
904,Sauveur,Hackford,shackfordp3@businessweek.com,Male,9/25/1944,SDE1
905,Zahara,Soal,zsoalp4@google.it,Female,2/6/1968,SSE1
906,Susette,Perroni,sperronip5@xrea.com,Female,3/23/2013,SDE3
907,Michele,Monkman,mmonkmanp6@prnewswire.com,Male,9/15/1973,SDE3
908,Broddie,Belf,bbelfp7@fc2.com,Genderqueer,4/28/1959,SDE3
909,Giffie,Ortelt,gorteltp8@sakura.ne.jp,Male,12/23/1952,SDE1
910,Antonie,Mablestone,amablestonep9@ihg.com,Female,12/11/2012,SD2
911,Hedwiga,Haulkham,hhaulkhampa@google.com.au,Female,4/19/1994,SD2
912,Maureene,Mottershaw,mmottershawpb@nature.com,Female,4/1/1990,SDE1
913,Jon,Twallin,jtwallinpc@facebook.com,Male,11/7/2002,SSE2
914,Gaspar,McCaster,gmccasterpd@squidoo.com,Male,11/12/1992,SDE3
915,Michale,Kingsland,mkingslandpe@go.com,Male,9/25/1978,SSE1
916,Lisle,Izchaki,lizchakipf@phoca.cz,Male,7/31/1995,SDE3
917,Poul,Grimbaldeston,pgrimbaldestonpg@oakley.com,Male,4/11/1987,SDE3
918,Paulette,Greenrodd,pgreenroddph@pagesperso-orange.fr,Female,1/3/1972,SDE3
919,Delly,Poulson,dpoulsonpi@instagram.com,Female,,
920,Thayne,MacGiany,tmacgianypj@tiny.cc,Male,3/23/1984,SDE1
921,Page,Kenealy,pkenealypk@google.com,Female,5/27/1964,SSE2
922,Ernst,Khilkov,ekhilkovpl@mashable.com,Male,6/15/1958,SD2
923,Isidro,Hulmes,ihulmespm@istockphoto.com,Male,1/18/1995,SSE2
924,Jesselyn,Kytter,jkytterpn@cbc.ca,Female,3/2/2012,SDE3
925,Delaney,Gooderidge,dgooderidgepo@google.fr,Male,1/25/1956,SDE1
926,Torie,Ofener,tofenerpp@bizjournals.com,Female,,
927,Eugenie,Kynd,ekyndpq@mediafire.com,Female,5/7/1995,SSE1
928,Thomas,Philippe,tphilippepr@cmu.edu,Male,8/9/2002,SDE1
929,Pauli,Foulis,pfoulisps@example.com,Female,5/3/1963,SSE2
930,Krishna,Padden,kpaddenpt@newsvine.com,Male,9/11/1967,SSE2
931,Asher,Parris,aparrispu@1und1.de,Male,2/20/1957,SD2
932,Junina,Annell,jannellpv@cocolog-nifty.com,Female,5/20/1998,SDE1
933,Ulrich,Fann,ufannpw@webs.com,Male,6/7/1943,SSE1
934,Griff,Reedyhough,greedyhoughpx@baidu.com,Male,11/19/1985,SDE3
935,Richard,Donnison,rdonnisonpy@nyu.edu,Male,,
936,Waldo,Treend,wtreendpz@seattletimes.com,Male,1/11/1967,SSE2
937,Jarrad,Cinnamond,jcinnamondq0@theguardian.com,Male,,
938,Cale,Fowles,cfowlesq1@dyndns.org,Male,12/14/2009,SSE2
939,Dinnie,Simcoe,dsimcoeq2@flickr.com,Female,4/14/1971,SSE2
940,Nariko,Aubery,nauberyq3@amazon.com,Female,9/11/2012,SDE1
941,Annissa,Chard,achardq4@facebook.com,Female,2/16/2008,SSE2
942,Wiatt,Gresch,wgreschq5@wikispaces.com,Male,11/14/1967,SD2
943,Roana,MacAdie,rmacadieq6@thetimes.co.uk,Agender,3/10/1990,SSE2
944,Anders,Horry,ahorryq7@ucla.edu,Male,8/5/1946,SDE3
945,Perla,Lancaster,plancasterq8@pcworld.com,Female,11/2/2000,SSE2
946,Isaac,Jullian,ijullianq9@1688.com,Male,10/2/1966,SDE1
947,Lemar,Uglow,luglowqa@arizona.edu,Male,,
948,Caleb,Solley,csolleyqb@marriott.com,Male,7/9/1988,SSE1
949,Faye,Armfirld,farmfirldqc@umich.edu,Female,8/24/2012,SSE2
950,Sydelle,Quidenham,squidenhamqd@infoseek.co.jp,Female,1/7/1975,SD2
951,Jdavie,Dearlove,jdearloveqe@free.fr,Male,,
952,Thatch,Cookson,tcooksonqf@ifeng.com,Bigender,5/19/1994,SSE1
953,Ezechiel,Sciacovelli,esciacovelliqg@webnode.com,Male,6/11/1990,SD2
954,Idette,McFfaden,imcffadenqh@seesaa.net,Female,5/30/2013,SD2
955,Rosemary,Budgen,rbudgenqi@discuz.net,Female,8/30/1972,SSE2
956,Filberte,Eginton,fegintonqj@epa.gov,Male,9/26/1957,SSE1
957,Rowney,Stanes,rstanesqk@tinyurl.com,Male,6/19/1989,SD2
958,Saxe,Densie,sdensieql@gravatar.com,Male,7/13/1990,SSE1
959,Celisse,Petrak,cpetrakqm@google.com.au,Female,7/26/1973,SDE1
960,Eirena,Sheasby,esheasbyqn@t.co,Female,6/5/1950,SDE1
961,Donny,Jeynes,djeynesqo@va.gov,Female,6/20/2014,SSE1
962,Marika,Water,mwaterqp@surveymonkey.com,Female,11/4/1944,SSE2
963,Reggi,Voase,rvoaseqq@yellowbook.com,Female,,
964,Babbette,Butterfint,bbutterfintqr@people.com.cn,Female,10/31/2000,SDE1
965,Quinta,Downton,qdowntonqs@examiner.com,Female,10/8/1959,SDE1
966,Dasha,Summergill,dsummergillqt@unc.edu,Agender,5/30/1992,SSE1
967,Vinny,Finder,vfinderqu@surveymonkey.com,Non-binary,4/18/2007,SD2
968,Byram,Franzotto,bfranzottoqv@mediafire.com,Male,5/10/1963,SSE2
969,Carline,Lagden,clagdenqw@ow.ly,Female,10/6/2006,SDE1
970,Samuele,Jeremiah,sjeremiahqx@nbcnews.com,Male,8/7/2005,SDE1
971,Tommy,Piggrem,tpiggremqy@craigslist.org,Male,,
972,Matty,Helversen,mhelversenqz@lycos.com,Male,12/9/2003,SD2
973,Noella,Cridland,ncridlandr0@angelfire.com,Female,9/14/1955,SDE1
974,Quinta,Blanche,qblancher1@dell.com,Female,7/25/1945,SDE1
975,Tedie,Burchett,tburchettr2@opensource.org,Male,7/1/1989,SSE1
976,Druci,Darlison,ddarlisonr3@indiegogo.com,Female,2/23/1947,SDE1
977,Rafi,Stonner,rstonnerr4@webnode.com,Male,6/5/1956,SD2
978,Hunfredo,Metts,hmettsr5@google.de,Male,8/29/2000,SDE3
979,Ricoriki,Fawckner,rfawcknerr6@shinystat.com,Male,12/28/1974,SSE1
980,Anton,Spitaro,aspitaror7@ucoz.com,Male,12/28/1990,SSE2
981,Michel,Jeves,mjevesr8@hubpages.com,Female,10/12/1994,SSE2
982,Rafi,Aronstam,raronstamr9@miitbeian.gov.cn,Male,,
983,Carmina,Crooks,ccrooksra@squarespace.com,Female,10/8/1989,SSE2
984,Penni,Ionnisian,pionnisianrb@w3.org,Polygender,7/2/1963,SSE2
985,Sybille,Warstall,swarstallrc@ow.ly,Female,10/17/1997,SD2
986,Abbie,Sillars,asillarsrd@utexas.edu,Male,9/11/1974,SD2
987,Geoff,Cuss,gcussre@facebook.com,Male,3/23/1997,SSE2
988,Bob,Nestle,bnestlerf@businesswire.com,Male,11/4/2012,SD2
989,Maryanne,Noonan,mnoonanrg@blogs.com,Female,3/23/1969,SSE1
990,Howard,MacDermot,hmacdermotrh@cisco.com,Male,6/28/1962,SDE3
991,Riley,Insko,rinskori@taobao.com,Genderfluid,3/8/1964,SDE3
992,Gerrilee,Davidovsky,gdavidovskyrj@macromedia.com,Female,4/20/1959,SSE2
993,Maribeth,Pohls,mpohlsrk@dot.gov,Female,2/16/1966,SDE3
994,Jeannette,Rolse,jrolserl@rediff.com,Female,,
995,Audra,Evamy,aevamyrm@nature.com,Female,2/18/1991,SDE1
996,Querida,Gabala,qgabalarn@cloudflare.com,Female,2/19/1979,SSE1
997,Bartholomeus,Polet,bpoletro@fotki.com,Male,9/4/1964,SD2
998,Sheridan,Giorgielli,sgiorgiellirp@feedburner.com,Male,9/28/1954,SSE1
999,Bunny,Rastrick,brastrickrq@odnoklassniki.ru,Female,7/18/1960,SSE1
1000,Forest,Stening,fsteningrr@dedecms.com,Male,3/10/1946,SD2
